month,complaint_count,resolution_rate
2021-05-01 00:00:00,42211,0.5768638506550425
2021-06-01 00:00:00,36893,0.5887837801208902
2021-07-01 00:00:00,42953,0.5834982422648011
2021-08-01 00:00:00,46201,0.5736672366398996
2021-09-01 00:00:00,18588,0.5624058532386486
2022-08-01 00:00:00,26199,0.5738005267376618
2022-09-01 00:00:00,38277,0.5795647516785537
2022-10-01 00:00:00,39416,0.5926019890399837
2022-11-01 00:00:00,34200,0.5677485380116959
2022-12-01 00:00:00,41622,0.5789726586901158
2023-01-01 00:00:00,48319,0.5659678387383845
2023-02-01 00:00:00,38469,0.5428526865788037
2023-03-01 00:00:00,49816,0.5279829773566725
2023-04-01 00:00:00,40327,0.5421677784114861
2023-05-01 00:00:00,24214,0.5451804741058891
2023-06-01 00:00:00,42204,0.5398540422708747
2023-07-01 00:00:00,49017,0.5387926637697126
2023-08-01 00:00:00,58465,0.45239031899427007
2023-09-01 00:00:00,36920,0.49861863488624053
2023-10-01 00:00:00,34963,0.5203786860395275
2023-11-01 00:00:00,36158,0.5313623541125062
2023-12-01 00:00:00,34597,0.5451339711535682
2024-01-01 00:00:00,38753,0.544809434108327
2024-02-01 00:00:00,40874,0.5209179429466164
2024-03-01 00:00:00,45246,0.5310745701277461
2024-04-01 00:00:00,44461,0.5514270934077057
2024-05-01 00:00:00,45233,0.5751110914597749
2024-06-01 00:00:00,36146,0.5838543683948432
2024-07-01 00:00:00,42910,0.5847821020741086
2024-08-01 00:00:00,33986,0.5833578532336845
2024-09-01 00:00:00,34657,0.5628588741091266
2024-10-01 00:00:00,37359,0.5454910463342166
2024-11-01 00:00:00,40080,0.5225548902195609
2024-12-01 00:00:00,40218,0.49903028494703866
2025-01-01 00:00:00,53171,0.4942920012788926
2025-02-01 00:00:00,44998,0.4810436019378639
2025-03-01 00:00:00,24940,0.5265437048917402
2025-04-01 00:00:00,224,0.5669642857142857
