month,complaint_count,observed_outcome_count,observed_outcome_rate
2021-05-01 00:00:00,83418,42212,0.5060298736483733
2021-06-01 00:00:00,74415,36893,0.4957737015386683
2021-07-01 00:00:00,86220,42954,0.49819067501739733
2021-08-01 00:00:00,93155,46201,0.4959583489882454
2021-09-01 00:00:00,36889,18588,0.5038900485239503
2022-08-01 00:00:00,47903,26200,0.5469386050978018
2022-09-01 00:00:00,71428,38277,0.5358822870582964
2022-10-01 00:00:00,75663,39418,0.520967976421765
2022-11-01 00:00:00,68139,34202,0.5019445545135679
2022-12-01 00:00:00,78468,41622,0.5304327878880563
2023-01-01 00:00:00,90487,48319,0.5339883077127101
2023-02-01 00:00:00,72656,38469,0.5294676282757101
2023-03-01 00:00:00,101834,49817,0.4891981067227056
2023-04-01 00:00:00,80966,40333,0.49814737050119806
2023-05-01 00:00:00,46644,24214,0.5191235743075208
2023-06-01 00:00:00,81078,42206,0.5205604479636893
2023-07-01 00:00:00,100908,49017,0.4857593055060055
2023-08-01 00:00:00,117461,58466,0.4977481887605248
2023-09-01 00:00:00,90963,36921,0.40589030704792056
2023-10-01 00:00:00,97426,34963,0.35886724283045596
2023-11-01 00:00:00,97302,36160,0.3716264824977904
2023-12-01 00:00:00,93090,34597,0.3716510903426791
2024-01-01 00:00:00,100128,38754,0.3870445829338447
2024-02-01 00:00:00,85924,40876,0.47572273171640056
2024-03-01 00:00:00,94716,45248,0.4777228768106761
2024-04-01 00:00:00,67595,44462,0.6577705451586656
2024-05-01 00:00:00,45257,45233,0.9994696952957554
2024-06-01 00:00:00,36149,36146,0.9999170101524247
2024-07-01 00:00:00,42923,42911,0.9997204296065046
2024-08-01 00:00:00,33998,33987,0.9996764515559738
2024-09-01 00:00:00,34692,34658,0.9990199469618356
2024-10-01 00:00:00,37495,37360,0.9963995199359915
2024-11-01 00:00:00,70565,40080,0.5679869623751151
2024-12-01 00:00:00,106223,40220,0.3786373949144724
2025-01-01 00:00:00,138756,53173,0.3832122574879645
2025-02-01 00:00:00,118956,44999,0.37828272638622684
2025-03-01 00:00:00,40784,24942,0.6115633581796783
2025-04-01 00:00:00,225,225,1.0
