model,split,metric,seed_count,mean,std
tfidf_sgd,validation,macro_f1,3,0.6707238374365273,4.848738345739919e-05
tfidf_sgd,validation,roc_auc,3,0.7342710987252477,0.0002469298073460222
tfidf_sgd,validation,pr_auc,3,0.7586019512669685,0.00028581521732104145
tfidf_sgd,validation,accuracy,3,0.6765147884622625,0.00017159736783477962
tfidf_sgd,validation,brier_score,3,0.20599346657314369,8.418166453381411e-05
tfidf_sgd,test,macro_f1,3,0.6516496688478376,0.0007192445456149309
tfidf_sgd,test,roc_auc,3,0.7112094538969821,0.0013292933109399089
tfidf_sgd,test,pr_auc,3,0.7049282297893389,0.001783461957766346
tfidf_sgd,test,accuracy,3,0.6527236680705194,0.0006251446021452749
tfidf_sgd,test,brier_score,3,0.21723935746224313,0.0005210567556701183
