alpha,seed,epoch,validation_macro_f1,threshold
1e-06,42,1,0.6474120061944908,0.5697232829942344
1e-06,42,2,0.6566449836798399,0.5204405243666482
1e-06,42,3,0.6591395887463672,0.49285451088788057
1e-06,42,4,0.6615473671987842,0.525850716288531
1e-06,42,5,0.663234786168514,0.5291927079985295
1e-06,42,6,0.664336467614007,0.519034732939629
1e-06,42,7,0.6643503834657133,0.49693912723295636
1e-06,42,8,0.6639966989847637,0.5622992570709217
1e-06,42,9,0.6639127023001046,0.5151707582946514
1e-06,42,10,0.6653271475717235,0.525729370620031
1e-05,42,1,0.6700777403547762,0.5466365146275759
1e-05,42,2,0.6703228067848757,0.5291421518437763
1e-05,42,3,0.6706852307575584,0.5201587521962123
1e-05,42,4,0.670322368043479,0.5213459863586153
1e-05,42,5,0.6705703086868958,0.5295904344675928
1e-05,42,6,0.6705686568795344,0.5253354357401305
1e-05,42,7,0.6706743446263981,0.5170729767804124
1e-05,42,8,0.6705252902538916,0.5324581217654647
1e-05,42,9,0.6704152846623975,0.5307973209219691
1e-05,42,10,0.6705075737815327,0.5295415438662633
0.0001,42,1,0.6577743541157346,0.5339160636523387
0.0001,42,2,0.6579083572887003,0.5327905955933032
0.0001,42,3,0.6577789582945414,0.5324028796345703
0.0001,42,4,0.6576541547039692,0.5338765634474213
0.0001,42,5,0.6576788576783745,0.5343268497117256
0.0001,42,6,0.6576344544983657,0.532972614964679
0.0001,42,7,0.6576714559524013,0.5322236878659139
0.0001,42,8,0.657630778640464,0.5330334819099863
0.0001,42,9,0.6576779698532482,0.5345035580591706
0.0001,42,10,0.6576867479876335,0.5340034294065384
1e-05,13,1,0.6692525664516886,0.5281503053715507
1e-05,13,2,0.6707080242612533,0.5416159026710651
1e-05,13,3,0.6704391769801082,0.535791156523698
1e-05,13,4,0.6703902567311693,0.5411736714821663
1e-05,13,5,0.6704763132550906,0.5292261714861826
1e-05,13,6,0.6706819780202313,0.5344114625222466
1e-05,13,7,0.6705974898475604,0.5229584139892487
1e-05,13,8,0.6701505572547215,0.5267200113346493
1e-05,13,9,0.6703727090804308,0.5266735707309216
1e-05,13,10,0.6706566377482774,0.5289162164854625
1e-05,101,1,0.6678807908107265,0.5534657150695267
1e-05,101,2,0.6700735273573006,0.5334923897696552
1e-05,101,3,0.6699635479859256,0.531069360617208
1e-05,101,4,0.6707782572907703,0.5267264898024145
1e-05,101,5,0.670413991520393,0.5343449894351281
1e-05,101,6,0.6706958983472884,0.5319274834585278
1e-05,101,7,0.6704249006391858,0.5182177982598751
1e-05,101,8,0.6706608534038823,0.521723106064987
1e-05,101,9,0.6706698766389269,0.5330926296575331
1e-05,101,10,0.6704933967378133,0.5253489356457542
