uf,complaint_count,resolution_rate
SP,359947,0.5421659299841366
MG,176331,0.525233793263805
RJ,152893,0.5209133184645471
PR,125880,0.5580791229742612
BA,83288,0.5285515320334262
DF,76763,0.5591105089691648
RS,70053,0.5644155139679956
SC,62665,0.5408601292587569
GO,47465,0.5624986832402823
CE,42368,0.5667484894259819
PE,38134,0.5602874075628048
ES,36433,0.5668212883923915
MT,23037,0.5585362677431958
MA,21304,0.5282106646639129
PA,21156,0.555587067498582
PI,18501,0.5571590724825685
PB,17199,0.5519506948078376
AM,15559,0.5657175911048268
RN,15520,0.5717139175257732
MS,14371,0.5364971122399277
SE,11061,0.5685742699575084
AL,11041,0.554388189475591
TO,6880,0.5386627906976744
RO,6377,0.5883644346871569
AC,3980,0.6298994974874372
RR,2553,0.591461026243635
AP,2526,0.5807600950118765
